Model,Train_MAE,Test_MAE,Train_RMSE,Test_RMSE,Train_R2,Test_R2,Features_Used,Training_Samples,Test_Samples
Linear Regression (Baseline),31177294.944233842,31695347.903754126,49608301.18098136,49314661.17174669,0.3359000353699838,0.3715137731988476,24,1472,368
