Model,Test_MAE,Test_RMSE,Test_R2
XGBoost,29992354.0,48871008.57083627,0.3827710747718811
Linear Regression,31695347.903754126,49314661.17174669,0.3715137731988476
Random Forest,30246380.27928689,50846927.71302837,0.3318513557545514
